Car_id,Date,Customer Name,Gender,Annual Income,Dealer_Name,Company,Model,Engine,Transmission,Color,Price ($),Dealer_No ,Body Style,Phone,Dealer_Region
C_CND_000001,1/2/2022,Geraldine,Male,13500,Buddy Storbeck's Diesel Service Inc,Ford,Expedition,DoubleÂ Overhead Camshaft,Auto,Black,26000,06457-3834,SUV,8264678,Middletown
C_CND_000002,1/2/2022,Gia,Male,1480000,C & M Motors Inc,Dodge,Durango,DoubleÂ Overhead Camshaft,Auto,Black,19000,60504-7114,SUV,6848189,Aurora
C_CND_000003,1/2/2022,Gianna,Male,1035000,Capitol KIA,Cadillac,Eldorado,Overhead Camshaft,Manual,Red,31500,38701-8047,Passenger,7298798,Greenville
C_CND_000004,1/2/2022,Giselle,Male,13500,Chrysler of Tri-Cities,Toyota,Celica,Overhead Camshaft,Manual,Pale White,14000,99301-3882,SUV,6257557,Pasco
C_CND_000005,1/2/2022,Grace,Male,1465000,Chrysler Plymouth,Acura,TL,DoubleÂ Overhead Camshaft,Auto,Red,24500,53546-9427,Hatchback,7081483,Janesville
C_CND_000006,1/2/2022,Guadalupe,Male,850000,Classic Chevy,Mitsubishi,Diamante,Overhead Camshaft,Manual,Pale White,12000,85257-3102,Hatchback,7315216,Scottsdale
C_CND_000007,1/2/2022,Hailey,Male,1600000,Clay Johnson Auto Sales,Toyota,Corolla,Overhead Camshaft,Manual,Pale White,14000,78758-7841,Passenger,7727879,Austin
C_CND_000008,1/2/2022,Graham,Male,13500,U-Haul CO,Mitsubishi,Galant,DoubleÂ Overhead Camshaft,Auto,Pale White,42000,78758-7841,Passenger,6206512,Austin
C_CND_000009,1/2/2022,Naomi,Male,815000,Rabun Used Car Sales,Chevrolet,Malibu,Overhead Camshaft,Manual,Pale White,82000,85257-3102,Hardtop,7194857,Pasco
C_CND_000010,1/2/2022,Grayson,Female,13500,Rabun Used Car Sales,Ford,Escort,DoubleÂ Overhead Camshaft,Auto,Pale White,15000,85257-3102,Passenger,7836892,Scottsdale
C_CND_000011,1/2/2022,Gregory,Male,13500,Race Car Help,Acura,RL,Overhead Camshaft,Manual,Pale White,31000,78758-7841,SUV,7995489,Austin
C_CND_000012,1/2/2022,Amar'E,Male,13500,Race Car Help,Nissan,Pathfinder,DoubleÂ Overhead Camshaft,Auto,Pale White,46000,78758-7841,Hardtop,7288103,Pasco
C_CND_000013,1/2/2022,Griffin,Male,885000,Saab-Belle Dodge,Mercury,Grand Marquis,DoubleÂ Overhead Camshaft,Auto,Black,9000,60504-7114,SUV,6842408,Aurora
C_CND_000014,1/2/2022,Harrison,Male,13500,Scrivener Performance Engineering,BMW,323i,DoubleÂ Overhead Camshaft,Auto,Pale White,15000,38701-8047,Hatchback,7558767,Greenville
C_CND_000015,1/2/2022,Zainab,Male,722000,Buddy Storbeck's Diesel Service Inc,Chrysler,Sebring Coupe,Overhead Camshaft,Manual,Pale White,26000,06457-3834,Sedan,7677191,Middletown
C_CND_000016,1/2/2022,Zara,Male,746000,C & M Motors Inc,Subaru,Forester,Overhead Camshaft,Manual,Pale White,17000,60504-7114,Hatchback,8431908,Aurora
C_CND_000017,1/2/2022,Zoe,Female,535000,Capitol KIA,Hyundai,Accent,Overhead Camshaft,Manual,Black,18000,38701-8047,Hatchback,7814646,Greenville
C_CND_000018,1/2/2022,Zoey,Female,570000,Chrysler of Tri-Cities,Cadillac,Eldorado,DoubleÂ Overhead Camshaft,Auto,Pale White,31000,99301-3882,Passenger,7456650,Pasco
C_CND_000019,1/2/2022,Aaliyah,Male,685000,Chrysler Plymouth,Toyota,Land Cruiser,DoubleÂ Overhead Camshaft,Auto,Pale White,33000,53546-9427,SUV,7627010,Janesville
C_CND_000020,1/2/2022,Abigail,Male,455000,Classic Chevy,Honda,Accord,DoubleÂ Overhead Camshaft,Auto,Pale White,21000,85257-3102,Sedan,6736704,Scottsdale
C_CND_000021,1/2/2022,Adrianna,Male,13500,Clay Johnson Auto Sales,Toyota,4Runner,Overhead Camshaft,Manual,Black,25000,78758-7841,Sedan,7889827,Austin
C_CND_000022,1/2/2022,Joshua,Male,2500000,Classic Chevy,Infiniti,I30,DoubleÂ Overhead Camshaft,Auto,Black,21000,85257-3102,Hardtop,6183219,Austin
C_CND_000023,1/2/2022,Marcus,Male,585000,Diehl Motor CO Inc,Audi,A4,Overhead Camshaft,Manual,Pale White,12000,06457-3834,Hardtop,8097778,Middletown
C_CND_000024,1/2/2022,Arthur,Male,920000,Star Enterprises Inc,Porsche,Carrera Cabrio,DoubleÂ Overhead Camshaft,Auto,Pale White,18000,99301-3882,Passenger,7959858,Pasco
C_CND_000025,1/2/2022,Lizzie,Male,672000,Suburban Ford,Volkswagen,Jetta,DoubleÂ Overhead Camshaft,Auto,Pale White,22000,53546-9427,Passenger,8570849,Janesville
C_CND_000026,1/2/2022,Florian,Male,801250,Tri-State Mack Inc,Dodge,Viper,DoubleÂ Overhead Camshaft,Auto,Pale White,31250,85257-3102,SUV,8520534,Scottsdale
C_CND_000027,1/2/2022,Cassandre,Female,820000,U-Haul CO,Buick,Regal,DoubleÂ Overhead Camshaft,Auto,Black,19000,78758-7841,Passenger,6362556,Austin
C_CND_000028,1/2/2022,Syrielle,Male,791000,Progressive Shippers Cooperative Association No,Chrysler,LHS,Overhead Camshaft,Manual,Pale White,41000,53546-9427,Hatchback,6281210,Janesville
C_CND_000029,1/2/2022,Sloane,Male,13500,Race Car Help,Chrysler,LHS,Overhead Camshaft,Manual,Pale White,41000,78758-7841,Hatchback,6292720,Janesville
C_CND_000030,1/2/2022,Sofia,Male,1020000,Ryder Truck Rental and Leasing,Saturn,LW,Overhead Camshaft,Manual,Pale White,13000,06457-3834,Hatchback,7698986,Scottsdale
C_CND_000031,1/2/2022,Sophia,Male,210000,Saab-Belle Dodge,Mitsubishi,3000GT,Overhead Camshaft,Manual,Pale White,20000,60504-7114,Sedan,8847858,Austin
C_CND_000032,1/2/2022,Sophie,Male,750000,Scrivener Performance Engineering,Mercedes-B,SLK230,Overhead Camshaft,Manual,Pale White,14000,38701-8047,Hatchback,8344679,Middletown
C_CND_000033,1/2/2022,Stella,Male,635000,Star Enterprises Inc,Honda,Accord,DoubleÂ Overhead Camshaft,Auto,Pale White,19000,99301-3882,Sedan,6827044,Aurora
C_CND_000034,1/2/2022,Suri,Male,675000,Tri-State Mack Inc,Honda,Civic,Overhead Camshaft,Manual,Black,43000,85257-3102,Hatchback,7954038,Greenville
C_CND_000035,1/2/2022,Sury,Male,880000,U-Haul CO,Jaguar,S-Type,DoubleÂ Overhead Camshaft,Auto,Black,16000,78758-7841,Passenger,7400390,Pasco
C_CND_000036,1/3/2022,Haley,Male,13500,Diehl Motor CO Inc,Volvo,S40,DoubleÂ Overhead Camshaft,Auto,Pale White,42000,06457-3834,Sedan,7153628,Middletown
C_CND_000037,1/3/2022,Hannah,Male,13500,Enterprise Rent A Car,Mercury,Mountaineer,DoubleÂ Overhead Camshaft,Auto,Pale White,21000,60504-7114,SUV,6125796,Aurora
C_CND_000038,1/3/2022,Haylee,Male,13500,Gartner Buick Hyundai Saab,Buick,Park Avenue,DoubleÂ Overhead Camshaft,Auto,Black,61000,38701-8047,Hatchback,7438037,Greenville
C_CND_000039,1/3/2022,Hayley,Male,941000,Hatfield Volkswagen,Mitsubishi,Montero Sport,DoubleÂ Overhead Camshaft,Auto,Pale White,39000,99301-3882,SUV,6837588,Pasco
C_CND_000040,1/3/2022,Harry,Female,13500,Star Enterprises Inc,Nissan,Sentra,DoubleÂ Overhead Camshaft,Auto,Black,16000,99301-3882,Passenger,7213857,Pasco
C_CND_000041,1/3/2022,Henry,Male,13500,Suburban Ford,Chrysler,Sebring Coupe,Overhead Camshaft,Manual,Pale White,26000,53546-9427,Sedan,7704004,Janesville
C_CND_000042,1/3/2022,Hersh,Female,13500,Tri-State Mack Inc,Volvo,S80,Overhead Camshaft,Manual,Pale White,21000,85257-3102,Sedan,8018700,Scottsdale
C_CND_000043,1/3/2022,Hershel,Male,967500,U-Haul CO,Chevrolet,Lumina,Overhead Camshaft,Manual,Black,42500,78758-7841,Passenger,6793858,Austin
C_CND_000044,1/3/2022,Aicha,Male,600000,Diehl Motor CO Inc,Mitsubishi,Montero Sport,DoubleÂ Overhead Camshaft,Auto,Black,45001,06457-3834,Hatchback,6739543,Middletown
C_CND_000045,1/3/2022,Aisha,Male,575000,Enterprise Rent A Car,Pontiac,Bonneville,Overhead Camshaft,Manual,Black,36001,60504-7114,Hatchback,6091237,Aurora
C_CND_000046,1/3/2022,Aissatou,Male,566000,Gartner Buick Hyundai Saab,Mercedes-B,C-Class,Overhead Camshaft,Manual,Pale White,12000,38701-8047,Hatchback,6547535,Greenville
C_CND_000047,1/3/2022,Alana,Male,1250000,Hatfield Volkswagen,BMW,323i,Overhead Camshaft,Manual,Pale White,21001,99301-3882,Hatchback,8689761,Pasco
C_CND_000048,1/3/2022,Chloe,Male,730000,Rabun Used Car Sales,Acura,TL,DoubleÂ Overhead Camshaft,Auto,Pale White,29000,85257-3102,Hatchback,6404807,Scottsdale
C_CND_000049,1/3/2022,Valentine,Male,4060000,Race Car Help,Nissan,Altima,DoubleÂ Overhead Camshaft,Auto,Pale White,20000,78758-7841,Hatchback,7117432,Austin
C_CND_000050,1/3/2022,Aurore,Male,13500,Ryder Truck Rental and Leasing,Cadillac,DeVille,DoubleÂ Overhead Camshaft,Auto,Pale White,22000,06457-3834,SUV,7836930,Middletown
C_CND_000051,1/3/2022,Nikita,Male,1180000,Saab-Belle Dodge,Dodge,Stratus,DoubleÂ Overhead Camshaft,Auto,Pale White,31000,60504-7114,Hatchback,7316398,Aurora
C_CND_000052,1/3/2022,Justine,Male,1360000,Progressive Shippers Cooperative Association No,Audi,A4,DoubleÂ Overhead Camshaft,Auto,Black,27000,53546-9427,Hardtop,7680267,Austin
C_CND_000053,1/3/2022,Sylvia,Female,640000,C & M Motors Inc,Mercury,Cougar,DoubleÂ Overhead Camshaft,Auto,Black,33000,60504-7114,Hatchback,6402878,Scottsdale
C_CND_000054,1/3/2022,Chloe,Male,615000,Scrivener Performance Engineering,Chevrolet,Malibu,Overhead Camshaft,Manual,Pale White,14000,38701-8047,Hardtop,7890478,Middletown
C_CND_000055,1/3/2022,Tamar,Male,520000,Chrysler of Tri-Cities,Acura,RL,Overhead Camshaft,Manual,Pale White,17000,99301-3882,SUV,8523869,Middletown
C_CND_000056,1/4/2022,Hazel,Male,1876000,Iceberg Rentals,Saturn,SW,DoubleÂ Overhead Camshaft,Auto,Pale White,25600,53546-9427,Passenger,8852693,Janesville
C_CND_000057,1/4/2022,Heaven,Male,13500,McKinney Dodge Chrysler Jeep,Volvo,C70,Overhead Camshaft,Manual,Black,17000,85257-3102,Hatchback,6444851,Scottsdale
C_CND_000058,1/4/2022,Heidi,Male,13500,Motor Vehicle Branch Office,Mercury,Mountaineer,Overhead Camshaft,Manual,Pale White,21000,78758-7841,SUV,6052630,Austin
C_CND_000059,1/4/2022,Hershy,Male,890000,Buddy Storbeck's Diesel Service Inc,Mercedes-B,C-Class,Overhead Camshaft,Manual,Pale White,12000,06457-3834,Hatchback,8939776,Middletown
C_CND_000060,1/4/2022,Hudson,Male,1800000,C & M Motors Inc,Mercedes-B,SLK,Overhead Camshaft,Manual,Pale White,17000,60504-7114,Passenger,7177888,Aurora
C_CND_000061,1/4/2022,Amare,Male,1330000,Ryder Truck Rental and Leasing,Toyota,Tacoma,Overhead Camshaft,Manual,Black,36000,06457-3834,Hardtop,6139882,Janesville
C_CND_000062,1/4/2022,Alexandria,Male,393000,Iceberg Rentals,Mercedes-B,C-Class,Overhead Camshaft,Manual,Pale White,17000,53546-9427,Hatchback,7181009,Janesville
C_CND_000063,1/4/2022,Alexis,Male,440000,McKinney Dodge Chrysler Jeep,Mercedes-B,M-Class,Overhead Camshaft,Manual,Pale White,41000,85257-3102,Hatchback,7936565,Austin
C_CND_000064,1/4/2022,Alyssa,Female,280000,Nebo Chevrolet,Audi,A6,DoubleÂ Overhead Camshaft,Auto,Black,14000,06457-3834,SUV,7419754,Middletown
C_CND_000065,1/4/2022,Coline,Male,1151000,Scrivener Performance Engineering,Dodge,Intrepid,DoubleÂ Overhead Camshaft,Auto,Pale White,31100,38701-8047,Sedan,8637804,Greenville
C_CND_000066,1/4/2022,Annaelle,Male,1650000,Star Enterprises Inc,Buick,Park Avenue,DoubleÂ Overhead Camshaft,Auto,Black,61000,99301-3882,Hatchback,8380613,Pasco
C_CND_000067,1/4/2022,Anais,Male,13500,Suburban Ford,Dodge,Viper,Overhead Camshaft,Manual,Black,26000,53546-9427,SUV,6595676,Janesville
C_CND_000068,1/4/2022,Taylor,Male,895000,Chrysler Plymouth,Toyota,Sienna,Overhead Camshaft,Manual,Black,12000,53546-9427,Passenger,7244029,Aurora
C_CND_000069,1/4/2022,Tessa,Female,660000,Classic Chevy,Volvo,S40,DoubleÂ Overhead Camshaft,Auto,Pale White,42000,85257-3102,Sedan,6741165,Greenville
C_CND_000070,1/4/2022,Toby,Male,13500,Clay Johnson Auto Sales,Mitsubishi,Diamante,DoubleÂ Overhead Camshaft,Auto,Pale White,21000,78758-7841,Hatchback,8822935,Pasco
C_CND_000071,1/5/2022,Heidy,Male,1636000,Nebo Chevrolet,Cadillac,DeVille,DoubleÂ Overhead Camshaft,Auto,Pale White,22600,06457-3834,SUV,8026457,Middletown
C_CND_000072,1/5/2022,Helen,Female,1000000,New Castle Ford Lincoln Mercury,Jaguar,S-Type,Overhead Camshaft,Manual,Pale White,45000,60504-7114,Passenger,8872334,Aurora
C_CND_000073,1/5/2022,Imani,Female,745000,Pars Auto Sales,Mitsubishi,Eclipse,Overhead Camshaft,Manual,Black,25000,38701-8047,SUV,6204993,Greenville
C_CND_000074,1/5/2022,Ingrid,Male,300000,Pitre Buick-Pontiac-Gmc of Scottsdale,Ford,Contour,DoubleÂ Overhead Camshaft,Auto,Pale White,62000,99301-3882,Sedan,7031644,Pasco
C_CND_000075,1/5/2022,Irene,Male,1097000,Progressive Shippers Cooperative Association No,Volkswagen,Jetta,DoubleÂ Overhead Camshaft,Auto,Black,22700,53546-9427,Passenger,7179280,Janesville
C_CND_000076,1/5/2022,Iris,Female,542000,Rabun Used Car Sales,Mitsubishi,Montero Sport,DoubleÂ Overhead Camshaft,Auto,Black,45000,85257-3102,SUV,6245275,Scottsdale
C_CND_000077,1/5/2022,Hunter,Male,1200000,Chrysler of Tri-Cities,Lincoln,Town car,Overhead Camshaft,Manual,Black,17000,99301-3882,Hatchback,7072635,Pasco
C_CND_000078,1/5/2022,James,Male,490000,Motor Vehicle Branch Office,Ford,Focus,Overhead Camshaft,Manual,Black,49000,78758-7841,Hardtop,6766211,Austin
C_CND_000079,1/5/2022,Ilan,Male,410000,Classic Chevy,Audi,A6,Overhead Camshaft,Manual,Black,15000,85257-3102,SUV,8011357,Scottsdale
C_CND_000080,1/5/2022,Isaac,Male,930000,Clay Johnson Auto Sales,Acura,TL,DoubleÂ Overhead Camshaft,Auto,Black,28000,78758-7841,Hatchback,7539127,Austin
C_CND_000081,1/5/2022,Aaron,Male,480000,Tri-State Mack Inc,Nissan,Pathfinder,DoubleÂ Overhead Camshaft,Auto,Pale White,46000,85257-3102,Hardtop,6559063,Greenville
C_CND_000082,1/5/2022,Israel,Female,1360000,Enterprise Rent A Car,Ford,Mustang,Overhead Camshaft,Manual,Pale White,43000,60504-7114,Hatchback,8082987,Aurora
C_CND_000083,1/5/2022,Amara,Male,2200000,New Castle Ford Lincoln Mercury,Oldsmobile,Cutlass,DoubleÂ Overhead Camshaft,Auto,Pale White,41000,60504-7114,Sedan,7328070,Aurora
C_CND_000084,1/5/2022,Amaya,Female,1100000,Pars Auto Sales,Chevrolet,Corvette,DoubleÂ Overhead Camshaft,Auto,Pale White,45000,38701-8047,SUV,7078803,Greenville
C_CND_000085,1/5/2022,Amelia,Male,13500,Pitre Buick-Pontiac-Gmc of Scottsdale,Chevrolet,Impala,Overhead Camshaft,Manual,Pale White,22001,99301-3882,Hatchback,8636283,Pasco
C_CND_000086,1/5/2022,Amia,Male,1700000,Progressive Shippers Cooperative Association No,Volkswagen,Cabrio,Overhead Camshaft,Manual,Pale White,25001,53546-9427,Sedan,7109521,Janesville
C_CND_000087,1/5/2022,Amina,Male,1908000,Rabun Used Car Sales,Dodge,Dakota,Overhead Camshaft,Manual,Pale White,12800,85257-3102,Sedan,7305344,Scottsdale
C_CND_000088,1/5/2022,Aminata,Male,13500,Race Car Help,Chrysler,300M,DoubleÂ Overhead Camshaft,Auto,Black,26000,78758-7841,SUV,8941079,Austin
C_CND_000089,1/5/2022,Alizee,Male,13500,Tri-State Mack Inc,BMW,328i,DoubleÂ Overhead Camshaft,Auto,Black,18000,85257-3102,Sedan,6136111,Scottsdale
C_CND_000090,1/5/2022,Caroline,Male,2550000,U-Haul CO,Oldsmobile,Bravada,DoubleÂ Overhead Camshaft,Auto,Pale White,19000,78758-7841,Hatchback,8001444,Austin
C_CND_000091,1/5/2022,Wadia,Male,1245000,Buddy Storbeck's Diesel Service Inc,Nissan,Maxima,Overhead Camshaft,Manual,Pale White,22500,06457-3834,Sedan,7696195,Middletown
C_CND_000092,1/5/2022,Mauricio,Male,13500,Race Car Help,Dodge,Ram Pickup,Overhead Camshaft,Manual,Pale White,21001,78758-7841,Hardtop,8188037,Austin
C_CND_000093,1/5/2022,Maximilian,Male,1115000,Saab-Belle Dodge,Chrysler,Concorde,DoubleÂ Overhead Camshaft,Auto,Pale White,46500,60504-7114,Hardtop,8351089,Aurora
C_CND_000094,1/5/2022,Elisa,Male,13500,Chrysler of Tri-Cities,Chrysler,300M,DoubleÂ Overhead Camshaft,Auto,Pale White,16000,99301-3882,SUV,6130679,Pasco
C_CND_000095,1/5/2022,Tzipora,Male,2110000,Diehl Motor CO Inc,Volvo,V70,DoubleÂ Overhead Camshaft,Auto,Black,39000,06457-3834,Passenger,6260413,Janesville
C_CND_000096,1/5/2022,Tziporah,Female,13500,Enterprise Rent A Car,Nissan,Quest,Overhead Camshaft,Manual,Black,19000,60504-7114,SUV,8750989,Scottsdale
C_CND_000097,1/5/2022,Tzippy,Male,1050000,Gartner Buick Hyundai Saab,Chrysler,LHS,DoubleÂ Overhead Camshaft,Auto,Black,26000,38701-8047,Hatchback,6784534,Austin
C_CND_000098,1/5/2022,Tzivia,Male,13500,Hatfield Volkswagen,Honda,Accord,Overhead Camshaft,Manual,Black,43000,99301-3882,Sedan,7944735,Janesville
C_CND_000099,1/5/2022,Valentina,Female,13500,Iceberg Rentals,Nissan,Maxima,Overhead Camshaft,Manual,Pale White,54000,53546-9427,Sedan,8099375,Scottsdale
C_CND_000100,1/5/2022,Valerie,Male,320000,McKinney Dodge Chrysler Jeep,Dodge,Durango,DoubleÂ Overhead Camshaft,Auto,Pale White,22000,85257-3102,SUV,6641303,Austin
C_CND_000101,1/6/2022,Isabel,Male,13500,Race Car Help,Lexus,ES300,DoubleÂ Overhead Camshaft,Auto,Black,16001,78758-7841,SUV,8158584,Austin
C_CND_000102,1/6/2022,Isabela,Female,760000,Ryder Truck Rental and Leasing,BMW,328i,DoubleÂ Overhead Camshaft,Auto,Black,16001,06457-3834,Sedan,7159142,Middletown
C_CND_000103,1/6/2022,Ivan,Male,1390000,Gartner Buick Hyundai Saab,Toyota,Land Cruiser,DoubleÂ Overhead Camshaft,Auto,Pale White,12000,38701-8047,SUV,7495544,Greenville
C_CND_000104,1/6/2022,Abel,Male,659000,Buddy Storbeck's Diesel Service Inc,Mercedes-B,SL-Class,Overhead Camshaft,Manual,Black,38000,06457-3834,Hardtop,6682438,Janesville
C_CND_000105,1/6/2022,Amira,Male,1330000,Ryder Truck Rental and Leasing,Ford,Explorer,DoubleÂ Overhead Camshaft,Auto,Pale White,42000,06457-3834,Hatchback,7189696,Middletown
C_CND_000106,1/6/2022,Amirah,Male,13500,Saab-Belle Dodge,Nissan,Pathfinder,DoubleÂ Overhead Camshaft,Auto,Pale White,21000,60504-7114,Hatchback,8844816,Aurora
C_CND_000107,1/6/2022,Mathias,Female,13500,Chrysler Plymouth,Volvo,C70,DoubleÂ Overhead Camshaft,Auto,Black,49000,53546-9427,Hatchback,8002612,Janesville
C_CND_000108,1/6/2022,Noel,Male,1362000,Chrysler of Tri-Cities,Chevrolet,Prizm,Overhead Camshaft,Manual,Pale White,21200,99301-3882,Hardtop,6633882,Pasco
C_CND_000109,1/6/2022,Vanessa,Male,480000,Motor Vehicle Branch Office,Mercury,Grand Marquis,Overhead Camshaft,Manual,Pale White,71000,78758-7841,SUV,8884667,Middletown
C_CND_000110,1/6/2022,Vera,Female,365000,Nebo Chevrolet,Chevrolet,Camaro,DoubleÂ Overhead Camshaft,Auto,Pale White,17000,06457-3834,Sedan,6759578,Aurora
C_CND_000111,1/9/2022,Isabella,Female,481000,Saab-Belle Dodge,Subaru,Outback,DoubleÂ Overhead Camshaft,Auto,Pale White,57001,60504-7114,SUV,6376331,Aurora
C_CND_000112,1/9/2022,Isabelle,Male,700000,Scrivener Performance Engineering,Buick,Park Avenue,DoubleÂ Overhead Camshaft,Auto,Pale White,62001,38701-8047,Hatchback,6729016,Greenville
C_CND_000113,1/9/2022,Isis,Male,1350000,Star Enterprises Inc,Ford,Taurus,Overhead Camshaft,Manual,Black,69001,99301-3882,SUV,7270473,Pasco
C_CND_000114,1/9/2022,Itzel,Male,750000,Suburban Ford,Chevrolet,Cavalier,Overhead Camshaft,Manual,Pale White,20001,53546-9427,SUV,7281617,Janesville
C_CND_000115,1/9/2022,Yadiel,Male,451000,McKinney Dodge Chrysler Jeep,Audi,A4,DoubleÂ Overhead Camshaft,Auto,Black,27000,85257-3102,Hardtop,7824922,Austin
C_CND_000116,1/9/2022,Joseph,Female,650000,U-Haul CO,Ford,Focus,Overhead Camshaft,Manual,Black,49000,78758-7841,Hardtop,8944331,Janesville
C_CND_000117,1/9/2022,Jake,Male,700000,Motor Vehicle Branch Office,Mitsubishi,Diamante,Overhead Camshaft,Manual,Black,49000,78758-7841,Hatchback,7757499,Austin
C_CND_000118,1/9/2022,James,Female,13500,Nebo Chevrolet,Lexus,GS400,DoubleÂ Overhead Camshaft,Auto,Black,12000,06457-3834,Hatchback,6586288,Middletown
C_CND_000119,1/9/2022,Amiya,Female,1220000,Scrivener Performance Engineering,Mercedes-B,M-Class,Overhead Camshaft,Manual,Pale White,25000,38701-8047,Hatchback,8486170,Greenville
C_CND_000120,1/9/2022,Amiyah,Male,1300000,Star Enterprises Inc,Chrysler,Concorde,DoubleÂ Overhead Camshaft,Auto,Pale White,42000,99301-3882,Hatchback,6732905,Pasco
C_CND_000121,1/9/2022,Angelina,Male,470000,Suburban Ford,Chrysler,Sebring Coupe,DoubleÂ Overhead Camshaft,Auto,Pale White,19000,53546-9427,Sedan,7212279,Janesville
C_CND_000122,1/9/2022,Aniya,Female,1167500,Tri-State Mack Inc,Chevrolet,Monte Carlo,Overhead Camshaft,Manual,Pale White,26750,85257-3102,Hatchback,8144887,Scottsdale
C_CND_000123,1/9/2022,Benott,Male,3000000,Clay Johnson Auto Sales,Cadillac,Eldorado,DoubleÂ Overhead Camshaft,Auto,Pale White,31000,78758-7841,Passenger,8668755,Austin
C_CND_000124,1/9/2022,Lucas,Male,1900000,Diehl Motor CO Inc,Saturn,LW,Overhead Camshaft,Manual,Pale White,49000,06457-3834,Hatchback,8892301,Middletown
C_CND_000125,1/9/2022,Clara,Female,1690000,Enterprise Rent A Car,Hyundai,Sonata,Overhead Camshaft,Manual,Black,15000,60504-7114,SUV,6238423,Aurora
C_CND_000126,1/9/2022,Clara,Male,2800000,Gartner Buick Hyundai Saab,Mercury,Sable,DoubleÂ Overhead Camshaft,Auto,Pale White,26000,38701-8047,Sedan,7552575,Greenville
C_CND_000127,1/9/2022,Alexis,Male,642000,Suburban Ford,Mercedes-B,SL-Class,Overhead Camshaft,Manual,Pale White,17000,53546-9427,Hardtop,6278363,Greenville
C_CND_000128,1/9/2022,Veronika,Female,705000,Pars Auto Sales,Volvo,C70,Overhead Camshaft,Manual,Pale White,24000,38701-8047,Hatchback,6323753,Pasco
C_CND_000129,1/9/2022,Victoria,Male,670000,Pitre Buick-Pontiac-Gmc of Scottsdale,Chevrolet,Metro,DoubleÂ Overhead Camshaft,Auto,Pale White,19000,99301-3882,Passenger,8368721,Janesville
C_CND_000130,1/9/2022,Violet,Male,13500,Progressive Shippers Cooperative Association No,Jaguar,S-Type,Overhead Camshaft,Manual,Pale White,20000,53546-9427,Passenger,6328688,Scottsdale
C_CND_000131,1/10/2022,Izabella,Female,1985000,Tri-State Mack Inc,Acura,TL,DoubleÂ Overhead Camshaft,Auto,Black,28501,85257-3102,Hatchback,6553517,Scottsdale
C_CND_000132,1/10/2022,Jason,Male,1275000,New Castle Ford Lincoln Mercury,BMW,323i,DoubleÂ Overhead Camshaft,Auto,Pale White,15500,60504-7114,Hatchback,8070819,Aurora
C_CND_000133,1/10/2022,Aniyah,Male,13500,U-Haul CO,Plymouth,Voyager,Overhead Camshaft,Manual,Pale White,20000,78758-7841,Passenger,7541816,Austin
C_CND_000134,1/10/2022,Elise,Male,1650000,Hatfield Volkswagen,Nissan,Maxima,Overhead Camshaft,Manual,Pale White,29000,99301-3882,Sedan,8368460,Pasco
C_CND_000135,1/10/2022,Vivian,Male,520500,Rabun Used Car Sales,Chrysler,Cirrus,DoubleÂ Overhead Camshaft,Auto,Pale White,12500,85257-3102,Passenger,7578367,Austin
C_CND_000136,1/12/2022,Jacqueline,Female,500000,U-Haul CO,Mercury,Grand Marquis,Overhead Camshaft,Manual,Pale White,16001,78758-7841,SUV,6435654,Austin
C_CND_000137,1/12/2022,Jada,Male,1172500,Buddy Storbeck's Diesel Service Inc,Lexus,ES300,DoubleÂ Overhead Camshaft,Auto,Pale White,27250,06457-3834,SUV,7906708,Middletown
C_CND_000138,1/12/2022,Jade,Male,441000,C & M Motors Inc,Dodge,Intrepid,Overhead Camshaft,Manual,Black,11000,60504-7114,Sedan,6536878,Aurora
C_CND_000139,1/12/2022,Jaelynn,Male,1310000,Capitol KIA,Nissan,Maxima,Overhead Camshaft,Manual,Pale White,22001,38701-8047,Sedan,6374244,Greenville
C_CND_000140,1/12/2022,Jamie,Male,13500,Chrysler of Tri-Cities,Dodge,Avenger,DoubleÂ Overhead Camshaft,Auto,Pale White,22000,99301-3882,Passenger,6500188,Pasco
C_CND_000141,1/12/2022,Janelle,Male,1200000,Chrysler Plymouth,Chevrolet,Corvette,Overhead Camshaft,Manual,Pale White,22000,53546-9427,SUV,8574162,Janesville
C_CND_000142,1/12/2022,Jasper,Male,1680000,Pars Auto Sales,Acura,RL,Overhead Camshaft,Manual,Black,18000,38701-8047,SUV,6655590,Greenville
C_CND_000143,1/12/2022,Jayden,Male,1340000,Pitre Buick-Pontiac-Gmc of Scottsdale,Honda,Odyssey,Overhead Camshaft,Manual,Pale White,27000,99301-3882,Passenger,6691774,Pasco
C_CND_000144,1/12/2022,Jesse,Female,901000,Progressive Shippers Cooperative Association No,Oldsmobile,Intrigue,Overhead Camshaft,Manual,Pale White,25000,53546-9427,SUV,7264601,Janesville
C_CND_000145,1/12/2022,Joel,Female,849500,Rabun Used Car Sales,Acura,RL,Overhead Camshaft,Manual,Pale White,26500,85257-3102,SUV,7583887,Scottsdale
C_CND_000146,1/12/2022,John,Male,13500,Race Car Help,Ford,Taurus,Overhead Camshaft,Manual,Black,69000,78758-7841,SUV,8687698,Austin
C_CND_000147,1/12/2022,Jonah,Female,1071500,Ryder Truck Rental and Leasing,Oldsmobile,Silhouette,Overhead Camshaft,Manual,Pale White,14150,06457-3834,Sedan,7808972,Middletown
C_CND_000148,1/12/2022,Annabelle,Male,1740000,Progressive Shippers Cooperative Association No,Saab,5-Sep,Overhead Camshaft,Manual,Pale White,28000,53546-9427,Hatchback,6099473,Janesville
C_CND_000149,1/12/2022,Aria,Male,13500,Rabun Used Car Sales,Honda,Civic,Overhead Camshaft,Manual,Black,43000,85257-3102,Hatchback,8406767,Scottsdale
C_CND_000150,1/12/2022,Ariana,Male,1700000,Race Car Help,BMW,528i,Overhead Camshaft,Manual,Pale White,25000,78758-7841,SUV,7946702,Austin
C_CND_000151,1/12/2022,Arianna,Male,1100000,Ryder Truck Rental and Leasing,Oldsmobile,Silhouette,DoubleÂ Overhead Camshaft,Auto,Pale White,12000,06457-3834,Sedan,6420448,Middletown
C_CND_000152,1/12/2022,Ariel,Male,13500,Saab-Belle Dodge,Lexus,LS400,DoubleÂ Overhead Camshaft,Auto,Black,39000,60504-7114,Sedan,7232005,Aurora
C_CND_000153,1/12/2022,Arielle,Male,2155000,Scrivener Performance Engineering,Cadillac,Eldorado,DoubleÂ Overhead Camshaft,Auto,Black,60500,38701-8047,Passenger,7622532,Greenville
C_CND_000154,1/12/2022,Louane,Male,13500,Iceberg Rentals,Volkswagen,Jetta,DoubleÂ Overhead Camshaft,Auto,Pale White,16000,53546-9427,Passenger,7398647,Janesville
C_CND_000155,1/12/2022,Nina,Male,13500,McKinney Dodge Chrysler Jeep,Pontiac,Bonneville,DoubleÂ Overhead Camshaft,Auto,Pale White,19000,85257-3102,Hatchback,7387235,Scottsdale
C_CND_000156,1/12/2022,Laurine,Male,661000,Motor Vehicle Branch Office,Chevrolet,Monte Carlo,Overhead Camshaft,Manual,Black,44000,78758-7841,Hatchback,8931658,Austin
C_CND_000157,1/12/2022,Noah,Female,13500,Nebo Chevrolet,Oldsmobile,Aurora,Overhead Camshaft,Manual,Pale White,71000,06457-3834,Passenger,7887874,Middletown
C_CND_000158,1/12/2022,Arthur,Male,13500,New Castle Ford Lincoln Mercury,Ford,Mustang,Overhead Camshaft,Manual,Pale White,25000,60504-7114,Hatchback,8238020,Aurora
C_CND_000159,1/12/2022,Romain,Male,2750000,Pars Auto Sales,Mitsubishi,Diamante,DoubleÂ Overhead Camshaft,Auto,Black,18000,38701-8047,Hatchback,6735346,Greenville
C_CND_000160,1/12/2022,Vivienne,Male,13500,Race Car Help,Ford,Expedition,Overhead Camshaft,Manual,Pale White,22000,78758-7841,SUV,6859342,Middletown
C_CND_000161,1/12/2022,Gurdeniz,Male,13500,Diehl Motor CO Inc,Mercedes-B,M-Class,Overhead Camshaft,Manual,Pale White,41000,06457-3834,Hardtop,7891679,Middletown
C_CND_000162,1/12/2022,Anais,Female,13500,Gartner Buick Hyundai Saab,Ford,Focus,Overhead Camshaft,Manual,Black,49000,38701-8047,Hardtop,8493769,Greenville
C_CND_000163,1/12/2022,Yael,Male,950000,Scrivener Performance Engineering,Volkswagen,Jetta,DoubleÂ Overhead Camshaft,Auto,Pale White,19000,38701-8047,Passenger,8239781,Pasco
C_CND_000164,1/12/2022,Yasmine,Female,715000,Star Enterprises Inc,BMW,528i,Overhead Camshaft,Manual,Black,21000,99301-3882,SUV,6539980,Janesville
C_CND_000165,1/12/2022,Matheo,Female,13500,Rabun Used Car Sales,Subaru,Forester,DoubleÂ Overhead Camshaft,Auto,Black,22000,85257-3102,Hardtop,6815074,Scottsdale
C_CND_000166,1/13/2022,Jaslene,Female,847000,Classic Chevy,Plymouth,Breeze,Overhead Camshaft,Manual,Pale White,16000,85257-3102,SUV,8431840,Scottsdale
C_CND_000167,1/13/2022,Jasmin,Female,13500,Clay Johnson Auto Sales,Volkswagen,Beetle,DoubleÂ Overhead Camshaft,Auto,Pale White,45000,78758-7841,SUV,8808261,Austin
C_CND_000168,1/13/2022,Jasmine,Male,1176500,Diehl Motor CO Inc,Dodge,Intrepid,Overhead Camshaft,Manual,Black,11650,06457-3834,Sedan,8193979,Middletown
C_CND_000169,1/13/2022,Jayda,Male,955000,Enterprise Rent A Car,Hyundai,Elantra,Overhead Camshaft,Manual,Pale White,26000,60504-7114,Sedan,6422078,Aurora
C_CND_000170,1/13/2022,Jonathan,Male,800000,Saab-Belle Dodge,Saturn,SW,Overhead Camshaft,Manual,Black,36000,60504-7114,Passenger,7960177,Aurora
C_CND_000171,1/13/2022,Jordan,Male,13500,Scrivener Performance Engineering,Lincoln,Continental,Overhead Camshaft,Manual,Pale White,82000,38701-8047,Passenger,6642461,Greenville
C_CND_000172,1/13/2022,Joseph,Female,13500,Star Enterprises Inc,Chevrolet,Camaro,DoubleÂ Overhead Camshaft,Auto,Pale White,24000,99301-3882,Sedan,7781272,Pasco
C_CND_000173,1/13/2022,Allison,Male,626800,Nebo Chevrolet,Nissan,Pathfinder,Overhead Camshaft,Manual,Pale White,11800,06457-3834,Hardtop,6438030,Austin
C_CND_000174,1/13/2022,Ashley,Male,2115000,Star Enterprises Inc,Toyota,RAV4,DoubleÂ Overhead Camshaft,Auto,Pale White,27500,99301-3882,Hatchback,7063414,Pasco
C_CND_000175,1/13/2022,Aubree,Male,2810000,Suburban Ford,Mercury,Villager,DoubleÂ Overhead Camshaft,Auto,Pale White,36000,53546-9427,Passenger,7033838,Janesville
C_CND_000176,1/13/2022,Aubrey,Male,13500,Tri-State Mack Inc,Jaguar,S-Type,Overhead Camshaft,Manual,Pale White,20000,85257-3102,Passenger,8626515,Scottsdale
C_CND_000177,1/13/2022,Autumn,Male,13500,U-Haul CO,Mercedes-B,SLK,Overhead Camshaft,Manual,Pale White,17000,78758-7841,Passenger,8692179,Austin
C_CND_000178,1/13/2022,Victor,Male,1589000,Pitre Buick-Pontiac-Gmc of Scottsdale,Volkswagen,Jetta,DoubleÂ Overhead Camshaft,Auto,Pale White,16900,99301-3882,Passenger,8280131,Pasco
C_CND_000179,1/13/2022,Ludivine,Male,1385000,Progressive Shippers Cooperative Association No,Buick,Regal,DoubleÂ Overhead Camshaft,Auto,Pale White,46500,53546-9427,Passenger,6775570,Janesville
C_CND_000180,1/13/2022,Anais,Male,2000000,Rabun Used Car Sales,Mercedes-B,C-Class,DoubleÂ Overhead Camshaft,Auto,Black,14000,85257-3102,Hatchback,8957521,Scottsdale
C_CND_000181,1/13/2022,Luckas,Male,951000,Race Car Help,Toyota,Sienna,Overhead Camshaft,Manual,Black,16000,78758-7841,Passenger,6492064,Austin
C_CND_000182,1/13/2022,Victor,Male,1390000,Race Car Help,Volvo,S70,Overhead Camshaft,Manual,Black,22000,78758-7841,Hardtop,6729766,Austin
C_CND_000183,1/13/2022,Yitty,Male,2320000,U-Haul CO,Nissan,Altima,DoubleÂ Overhead Camshaft,Auto,Pale White,20000,78758-7841,Hatchback,8827586,Middletown
C_CND_000184,1/13/2022,Yocheved,Female,2752000,Progressive Shippers Cooperative Association No,Toyota,Celica,Overhead Camshaft,Manual,Pale White,14200,53546-9427,SUV,8378577,Aurora
C_CND_000185,1/13/2022,Zissy,Male,655000,Rabun Used Car Sales,Saturn,LS,DoubleÂ Overhead Camshaft,Auto,Pale White,51000,85257-3102,Sedan,6300537,Greenville
C_CND_000186,1/17/2022,Jayla,Male,890000,Gartner Buick Hyundai Saab,Mitsubishi,Diamante,Overhead Camshaft,Manual,Pale White,19000,38701-8047,Hatchback,7658357,Greenville
C_CND_000187,1/17/2022,Jaylah,Male,1330000,Hatfield Volkswagen,Lexus,GS400,DoubleÂ Overhead Camshaft,Auto,Pale White,31000,99301-3882,Hatchback,7154079,Pasco
C_CND_000188,1/17/2022,Jayleen,Male,13500,Iceberg Rentals,Porsche,Carrera Cabrio,DoubleÂ Overhead Camshaft,Auto,Pale White,32000,53546-9427,Passenger,7160297,Janesville
C_CND_000189,1/17/2022,Jaylene,Male,900000,McKinney Dodge Chrysler Jeep,Dodge,Ram Van,DoubleÂ Overhead Camshaft,Auto,Pale White,31000,85257-3102,Hatchback,8063218,Scottsdale
C_CND_000190,1/17/2022,Judah,Male,570000,Tri-State Mack Inc,Oldsmobile,Silhouette,Overhead Camshaft,Manual,Pale White,14000,85257-3102,Sedan,8641482,Scottsdale
C_CND_000191,1/17/2022,Jude,Male,715000,U-Haul CO,Audi,A6,Overhead Camshaft,Manual,Black,25000,78758-7841,SUV,6554530,Austin
C_CND_000192,1/17/2022,Julian,Female,630000,Progressive Shippers Cooperative Association No,Oldsmobile,Cutlass,DoubleÂ Overhead Camshaft,Auto,Pale White,46000,53546-9427,Sedan,6440545,Janesville
C_CND_000193,1/17/2022,Justin,Female,700500,Rabun Used Car Sales,Mercedes-B,S-Class,DoubleÂ Overhead Camshaft,Auto,Black,39500,85257-3102,SUV,7293423,Scottsdale
C_CND_000194,1/17/2022,Ava,Male,2130000,Buddy Storbeck's Diesel Service Inc,Mitsubishi,3000GT,DoubleÂ Overhead Camshaft,Auto,Black,39000,06457-3834,Sedan,6687979,Middletown
C_CND_000195,1/17/2022,Avery,Male,13500,C & M Motors Inc,BMW,528i,DoubleÂ Overhead Camshaft,Auto,Black,31000,60504-7114,SUV,8525846,Aurora
C_CND_000196,1/17/2022,Bella,Male,2950000,Capitol KIA,Chevrolet,Malibu,Overhead Camshaft,Manual,Pale White,41000,38701-8047,Hatchback,6436923,Greenville
C_CND_000197,1/17/2022,Blessing,Male,2150000,Chrysler of Tri-Cities,Chrysler,300M,DoubleÂ Overhead Camshaft,Auto,Pale White,22000,99301-3882,SUV,7273916,Pasco
C_CND_000198,1/17/2022,Angele,Female,1700000,Ryder Truck Rental and Leasing,Ford,Mustang,Overhead Camshaft,Manual,Black,22000,06457-3834,Hatchback,8283096,Middletown
C_CND_000199,1/17/2022,Mathis,Male,13500,Saab-Belle Dodge,Dodge,Viper,DoubleÂ Overhead Camshaft,Auto,Pale White,41000,60504-7114,SUV,6784925,Aurora
C_CND_000200,1/17/2022,Evann,Male,1540000,Scrivener Performance Engineering,Jaguar,S-Type,Overhead Camshaft,Manual,Pale White,21000,38701-8047,Passenger,7826082,Greenville
